experiment,model,volatility_regime,return_regime,n_contracts,mean_policy_minus_hold,early_exercise_rate
fixed_policy_transfer,neural,low,negative,4,0.9053263955991273,0.5
fixed_policy_transfer,neural,low,positive,22,0.865671822147815,0.45454545454545453
fixed_policy_transfer,neural,medium,negative,29,0.5678567550079407,0.41379310344827586
fixed_policy_transfer,neural,medium,positive,109,0.7688481672408698,0.47706422018348627
fixed_policy_transfer,neural,high,negative,42,2.085663464234071,0.5952380952380952
fixed_policy_transfer,neural,high,positive,41,0.3079061894352902,0.4634146341463415
fixed_policy_transfer,quadratic,low,negative,4,1.0518776926548719,0.75
fixed_policy_transfer,quadratic,low,positive,22,0.8632363135372578,0.5
fixed_policy_transfer,quadratic,medium,negative,29,0.5414530161757726,0.41379310344827586
fixed_policy_transfer,quadratic,medium,positive,109,0.7343482361497039,0.4954128440366973
fixed_policy_transfer,quadratic,high,negative,42,2.0741334217258283,0.6666666666666666
fixed_policy_transfer,quadratic,high,positive,41,-0.5664794407357374,0.4634146341463415
fixed_policy_transfer,ridge,low,negative,4,1.1364422470195512,1.0
fixed_policy_transfer,ridge,low,positive,22,0.8555817496094922,0.5
fixed_policy_transfer,ridge,medium,negative,29,0.5581087058870935,0.41379310344827586
fixed_policy_transfer,ridge,medium,positive,109,0.7194242682385131,0.5045871559633027
fixed_policy_transfer,ridge,high,negative,42,1.8441119535678125,0.5476190476190477
fixed_policy_transfer,ridge,high,positive,41,-0.569384171827041,0.4634146341463415
implied_vol_calibration,neural,low,negative,4,1.1355238951449271,0.5
implied_vol_calibration,neural,low,positive,22,0.872864875343682,0.45454545454545453
implied_vol_calibration,neural,medium,negative,29,0.4931286083753537,0.41379310344827586
implied_vol_calibration,neural,medium,positive,109,0.774394825565236,0.42201834862385323
implied_vol_calibration,neural,high,negative,42,1.708115015742566,0.40476190476190477
implied_vol_calibration,neural,high,positive,41,0.5667416731884136,0.36585365853658536
implied_vol_calibration,quadratic,low,negative,4,1.239707028354036,1.0
implied_vol_calibration,quadratic,low,positive,22,0.9220667502658308,0.5454545454545454
implied_vol_calibration,quadratic,medium,negative,29,0.6087837433135556,0.41379310344827586
implied_vol_calibration,quadratic,medium,positive,109,0.640989156236636,0.44954128440366975
implied_vol_calibration,quadratic,high,negative,42,1.6202027361459317,0.38095238095238093
implied_vol_calibration,quadratic,high,positive,41,0.6491165443653847,0.36585365853658536
implied_vol_calibration,ridge,low,negative,4,1.2141674037019885,1.0
implied_vol_calibration,ridge,low,positive,22,0.884978606423497,0.5
implied_vol_calibration,ridge,medium,negative,29,0.5134405110158223,0.41379310344827586
implied_vol_calibration,ridge,medium,positive,109,0.6327376475938502,0.43119266055045874
implied_vol_calibration,ridge,high,negative,42,1.673867314373289,0.38095238095238093
implied_vol_calibration,ridge,high,positive,41,0.6461096312860661,0.3902439024390244
